,avgcpu,labels
0,-0.95510757,-0.9737729542334747
1,-0.95616364,-0.9570347902562443
2,-0.95540106,-0.9576437604422046
3,-0.9557258,-0.9601861082209913
4,-0.956239,-0.960883052650837
5,-0.9555805,-0.8912313549913171
6,-0.9561343,-0.9699077783558512
7,-0.9558104,-0.9564054040773559
8,-0.95693004,-0.9657705334306337
9,-0.95501757,-0.9495018120338405
10,-0.95674956,-0.9638838312682689
11,-0.9544221,-0.9633786288912329
12,-0.9559587,-0.9683367594170507
13,-0.9551296,-0.9600304722459478
14,-0.9556507,-0.9636852113132981
15,-0.95545673,-0.9600296838181366
16,-0.9557823,-0.9597561500862977
17,-0.95557594,-0.943771110412523
18,-0.9558743,-0.9551097820843482
19,-0.9557358,-0.9607853733886507
20,-0.95614743,-0.9689746331432325
21,-0.95574653,-0.959686229644891
22,-0.9559077,-0.9590093478432258
23,-0.95542836,-0.9551715304311192
24,-0.95566726,-0.9621533076018827
25,-0.9555452,-0.9544767790011355
26,-0.95581734,-0.9575766376510835
27,-0.95567155,-0.961356047006205
28,-0.9559709,-0.9825758419104405
29,-0.95565784,-0.9531261166960903
30,-0.9557885,-0.9676297034659664
31,-0.95531285,-0.9689075073794345
32,-0.9559748,-0.9596110684578463
33,-0.9552641,-0.963521408694481
34,-0.9560529,-0.9676780324315274
35,-0.9556898,-0.9600903260378575
36,-0.9557568,-0.9595099653609436
37,-0.9558865,-0.9695413950178049
38,-0.9557866,-0.958727044209404
39,-0.95576715,-0.9590612433375818
40,-0.9557482,-0.9674059918684922
41,-0.95588446,-0.9496625183621772
42,-0.95563626,-0.9705999069509597
43,-0.9558202,-0.962114895949206
44,-0.9560056,-0.9634782184684122
45,-0.95541453,-0.9581757496145495
46,-0.9560548,-0.9598465863249104
47,-0.955423,-0.9624174407271147
48,-0.9559134,-0.9668996333752392
49,-0.95574856,-0.9508036453602973
50,-0.9557575,-0.9581549460740226
51,-0.95570636,-0.9590505338879971
52,-0.9559312,-0.9622172429722449
53,-0.95566297,-0.8999156993285665
54,-0.95597875,-0.9678820552197861
55,-0.9555801,-0.9573063299095224
56,-0.95677817,-0.9746314470476024
57,-0.9550587,-0.9557353899583595
58,-0.95662117,-0.9693557533305379
59,-0.95447266,-0.9587429119923996
60,-0.9559283,-0.9691979808184519
61,-0.9550451,-0.9670907820871903
62,-0.9558805,-0.9664344285209295
63,-0.9554657,-0.9583189054872081
64,-0.95591545,-0.9694611266545556
65,-0.9556682,-0.9510570307038003
66,-0.95587015,-0.9611763685641578
67,-0.95565987,-0.9607175264706274
68,-0.95616484,-0.9622075927913365
69,-0.9555992,-0.9574336348892403
70,-0.9560603,-0.9645367937043035
71,-0.9556166,-0.9451196089153313
72,-0.9558282,-0.9599516379242765
73,-0.9556378,-0.952062889983656
74,-0.9560785,-0.9643657307562805
75,-0.9555477,-0.9653483931363902
76,-0.9561409,-0.968985951245603
77,-0.9553907,-0.9630593589211898
78,-0.9557587,-0.9734144794960559
79,-0.955395,-0.9511467831762409
80,-0.955665,-0.965536704083968
81,-0.9554719,-0.9545205024338059
82,-0.95607865,-0.9641043138701488
83,-0.9555478,-0.9590585537682708
84,-0.95628893,-0.9622020914767315
85,-0.9555198,-0.9504266894041554
86,-0.9560299,-0.9656350724230686
87,-0.95560277,-0.9537482349790163
88,-0.95597136,-0.9652421965428046
89,-0.95553374,-0.957721526099824
90,-0.95605206,-0.9634430402430292
91,-0.9553946,-0.9595834493071227
92,-0.95595884,-0.9673606911767416
93,-0.95548844,-0.957728372494487
94,-0.95584345,-0.9685071962897905
95,-0.9555516,-0.9650345361007275
96,-0.9558742,-0.9665073328259721
97,-0.9555321,-0.9553988654903276
98,-0.9558631,-0.9681247598797553
99,-0.955534,-0.9473832383824181
100,-0.9559878,-0.9575301536730549
101,-0.9556066,-0.8981239185946226
102,-0.9562274,-0.9583506383426819
103,-0.95561385,-0.9518373164572491
104,-0.9571444,-0.9553464125532598
105,-0.95513046,-0.9522392310479053
106,-0.9566282,-0.9650632093743798
107,-0.95480955,-0.9490953040481407
108,-0.955647,-0.9624647059453206
109,-0.95517015,-0.9547096460332619
110,-0.95562005,-0.9589330262254467
111,-0.9553783,-0.9730186747407112
112,-0.9559958,-0.9563838426028477
113,-0.95549154,-0.9511051534838757
114,-0.9555658,-0.9610309242793733
115,-0.9557612,-0.9567003325869345
116,-0.9555993,-0.9625270847345619
117,-0.9558835,-0.9579906869975767
118,-0.9559053,-0.9607500152623449
119,-0.95560086,-0.9601165716209775
120,-0.9558687,-0.9609797382959937
121,-0.955562,-0.9507490592625334
122,-0.95577073,-0.9706232925182889
123,-0.95564854,-0.9530886208646239
124,-0.95586586,-0.9651148079632248
125,-0.9554502,-0.9667052525750806
126,-0.95607066,-0.9675209049989228
127,-0.95531666,-0.9556694262855794
128,-0.955919,-0.9658164055949214
129,-0.95549834,-0.9522542328630597
130,-0.95584774,-0.9766729265187564
131,-0.955624,-0.960142984752363
132,-0.9561057,-0.9653889232634958
133,-0.95533633,-0.9518555170291757
134,-0.9561182,-0.9639571377621003
135,-0.9553453,-0.9546327747016319
136,-0.95615935,-0.9659640121779953
137,-0.9555758,-0.9393341518226355
138,-0.956108,-0.9618347826596243
139,-0.95550776,-0.9566013000759239
140,-0.95628226,-0.9606821019472926
141,-0.95537496,1.0179232050550016
142,-0.956131,-0.965922143262639
143,-0.95539176,-0.9539437531734474
144,-0.96137965,-0.9676225163458354
145,-0.9762361,-0.9485331558694887
146,-0.9664668,-0.9665043395133932
147,-0.9601327,-0.9602536054013354
148,-0.96817744,-0.9658668167036886
149,-0.96660566,-0.9440324363196944
150,-0.96750546,-0.9651515005672884
151,-0.9554143,-0.949613115368158
152,-0.9561405,-0.9663969854133492
153,-0.9554566,-0.9592943824556384
154,-0.95622647,-0.9654248009624206
155,-0.95526516,-0.9471914733723068
156,-0.9560199,-0.9622404797393251
157,-0.95535827,-0.9550003988284331
158,-0.9560307,-0.9661084226051458
159,-0.9555024,-0.9552550574517985
160,-0.9560753,-0.9630011496357613
161,-0.9554081,-0.9464369300940572
162,-0.95593286,-0.9616211239006869
163,-0.95545113,-0.9568471317351805
164,-0.9560813,-0.9588327228317
165,-0.9554745,-0.9480403553629473
166,-0.9560114,-0.9536574801416654
167,-0.9555299,-0.9021466207261567
168,-0.95594084,-0.9496102930302222
169,-0.9556961,-0.9459652355452661
170,-0.9567226,-0.9624170380719681
171,-0.9553195,-0.9540457775032475
172,-0.9565139,-0.9672366041621945
173,-0.9547783,-0.9685927981800657
174,-0.9556116,-0.941717217538206
175,-0.95495343,-0.9743518423729081
176,-0.9553683,-0.9422776843129153
177,-0.95578456,-0.9714594589376417
178,-0.9552531,-0.9442561409336546
179,-0.95653605,-0.962237492488996
180,-0.95497715,-0.945577550248651
181,-0.95660377,-0.9607924685108068
182,-0.9551822,-0.9350731352574264
183,-0.9563018,-0.9727644501359649
184,-0.95532966,-0.9160536547016384
185,-0.95627975,-0.9564005961352824
186,-0.9550649,-0.9429137378858794
187,-0.9568367,-0.9691712376905721
188,-0.9548031,-0.9516323795320487
189,-0.95664406,-0.9578912220465299
190,-0.9546921,-0.9348032560433902
191,-0.9559611,-0.9605678795940431
192,-0.9551314,-0.9428496840934819
193,-0.9560981,-0.96252734764455
194,-0.95536315,-0.946699266154341
195,-0.95626485,-0.9684627176984208
196,-0.9551647,-0.9459147108286983
197,-0.9560838,-0.9644398971451305
198,-0.955027,-0.9610430201455199
199,-0.95609665,-0.9675683267119863
200,-0.95519185,-0.9422685376164213
201,-0.9559531,-0.9726035521362482
202,-0.9553101,-0.9502278917315252
203,-0.9561105,-0.9618408051367378
204,-0.9552984,-0.9348971566222584
205,-0.9563173,-0.960901515210422
206,-0.95527184,-0.9369554456055654
207,-0.9564736,-0.9681905496886403
208,-0.95531917,-0.9516575846762183
209,-0.9564668,-0.9745368583419183
210,-0.955003,-0.9486375928574153
211,-0.9561609,-0.9726167996662844
212,-0.9548254,-0.9460948131335168
213,-0.9561018,-0.9784168760976959
214,-0.95502687,-0.9537107158908694
215,-0.9563292,-0.9797750462323036
216,-0.9549738,-0.9528782472316877
217,-0.9563681,-0.9662739938439597
218,-0.954985,-0.9490582769520493
219,-0.9563893,-0.9772221578228526
220,-0.9552736,-0.9412369035558964
221,-0.9563807,-0.9683944404957661
222,-0.95530415,-0.9455645706680191
223,-0.95649314,-0.9804841546372973
224,-0.95511997,-0.9421007662154208
225,-0.95654047,-0.9694099993460918
226,-0.95490456,-0.9519284544946404
227,-0.95652926,-0.9662603670281678
228,-0.95494354,-0.9538861409346748
229,-0.95643604,-0.961787903625237
230,-0.9552016,-0.955777919392303
231,-0.956149,-0.9619954453433714
232,-0.9554651,-0.9557444993678847
233,-0.955902,-0.9541671213975169
234,-0.95558524,-0.9476172588823489
235,-0.955886,-0.9590861089482862
236,-0.95569885,-0.9454290601833797
237,-0.95595,-0.9588447611791844
238,-0.9556757,-0.9585187979544649
239,-0.9560318,-0.9581873564409749
240,-0.9554436,-0.9676038018871771
241,-0.9558296,-0.9626382832582862
242,-0.9554585,-0.9532232788448682
243,-0.955515,-0.9646819020312432
244,-0.955662,-0.9623149479459535
245,-0.9556428,-0.9496069930305904
246,-0.95565057,-0.9507437413349955
247,-0.95584893,-0.9655437240070238
248,-0.9558215,-0.9508557700261789
249,-0.9558753,-0.9557315106111506
250,-0.95573986,-0.9632234298893778
251,-0.9558928,-0.9683311329518487
252,-0.955523,-0.960992528038068
253,-0.9557862,-0.9569229340661751
254,-0.95545805,-0.9543308395635615
255,-0.9556314,-0.952375245843718
256,-0.9557167,-0.9588459757848012
257,-0.9558588,-0.9577653173784706
258,-0.9558599,-0.9554951292693099
259,-0.95581496,-0.9552360058632821
260,-0.9558145,-0.9568593525707271
261,-0.9556694,-0.9595951175211674
262,-0.9557228,-0.9545385755735241
263,-0.9556906,-0.9613587969715822
264,-0.9556335,-0.9573642824068874
265,-0.95575523,-0.9533083270087859
266,-0.9555899,-0.9528982160787436
267,-0.9557854,-0.9626062416207226
268,-0.9556954,-0.9504240074409853
269,-0.95582473,-0.936767943392898
270,-0.9556476,-0.9576461225945521
271,-0.95587504,-0.9552931727006267
272,-0.95587826,-0.9551234509448299
273,-0.95570064,-0.9617413553019758
274,-0.95589435,-0.9581998903321485
275,-0.95540106,-0.9655591425293073
276,-0.95558083,-0.9622654142807083
277,-0.95559394,-0.9721765806842078
278,-0.95537436,-0.955047469359917
279,-0.95576286,-0.959533829716081
280,-0.9554131,-0.9615100569706905
281,-0.9559711,-0.9621912674164674
282,-0.9555752,-0.9556072621605316
283,-0.95599604,-0.950216892728011
284,-0.95572376,-0.9297350233187378
285,-0.9558625,-0.9605432773521605
286,-0.9559064,-0.9495346088470691
287,-0.9562578,-0.9600415418581776
288,-0.95555675,-0.9517041546289144
289,-0.95616627,-0.9482231411210961
290,-0.9551381,-0.9497477354356325
291,-0.95585907,-0.9587121684684217
292,-0.9555267,-0.946957283118897
293,-0.95571804,-0.9452606237708479
294,-0.9556681,-0.9552071260311834
295,-0.9557806,-0.9681687586009486
296,-0.95568764,-0.9499835519596225
297,-0.95570385,-0.9649611713645572
298,-0.95545113,-0.958197542945308
299,-0.9556974,-0.9617064584380961
300,-0.95525455,-0.9632755752107595
301,-0.95591664,-0.9520700681239945
302,-0.955394,-0.9499979078129442
303,-0.9557917,-0.9637481974067954
304,-0.95586526,-0.9683552200387131
305,-0.95576084,-0.9598888319306443
306,-0.955796,-0.9572849215556627
307,-0.9556401,-0.9556735625770949
308,-0.9556118,-0.9499065964229509
309,-0.9556706,-0.9517203540612933
310,-0.95582914,-0.9523073719226427
311,-0.95589066,-0.9621843116973752
312,-0.95591927,-0.9608641699052812
313,-0.9559021,-0.9605302146481602
314,-0.95559955,-0.9528450849651671
315,-0.9556608,-0.9641563527299419
316,-0.9554676,-0.9660852381796887
317,-0.9557576,-0.9660521872734397
318,-0.95554924,-0.953975165064704
319,-0.9557375,-0.9590694792192098
320,-0.9555361,-0.9531175174886766
321,-0.9558327,-0.9593490310567384
322,-0.9556632,-0.9565671261936086
323,-0.95599675,-0.9559596862587119
324,-0.9556768,-0.947012117835045
325,-0.9559444,-0.9609130593326239
326,-0.9556943,-0.9475154079327859
327,-0.95587194,-0.9623076241978017
328,-0.9555657,-0.9580741914331737
329,-0.9560367,-0.9646469141721656
330,-0.95535266,-0.9537842267360763
331,-0.9558847,-0.962979038808119
332,-0.9553273,-0.9552372522358455
333,-0.9558053,-0.9602366246370531
334,-0.95549285,-0.954053278891802
335,-0.95592654,-0.9597798826634247
336,-0.9555788,-0.9601678632243111
337,-0.955961,-0.9590956933445274
338,-0.9556062,-0.9475287928899283
339,-0.9557755,-0.9610283536309749
340,-0.9556736,-0.9599689742145427
341,-0.95590067,-0.9564738663989404
342,-0.9556203,-0.9564831905428302
343,-0.95585275,-0.9589379947545792
344,-0.9556036,-0.9542639024251929
345,-0.9557533,-0.9548216524367823
346,-0.9557048,-0.9603529384920275
347,-0.9557384,-0.9630929254336689
348,-0.95573807,-0.9541833754685256
349,-0.9557358,-0.9619393985916019
350,-0.9556136,-0.9562654270904802
351,-0.9557347,-0.9702238845831741
352,-0.9555925,-0.9659372095214862
353,-0.95588255,-0.9721506114518921
354,-0.955387,-0.9577083889335989
355,-0.9558008,-0.96341037953361
356,-0.95539606,-0.9669786939170446
357,-0.95592916,-0.9701517674073086
358,-0.95563805,-0.9697582346580795
359,-0.9559146,-0.9696128869096552
360,-0.9556575,-0.9629375522504531
361,-0.9556854,-0.9631393925295628
362,-0.9557148,-0.9632547201446148
363,-0.9558295,-0.9623061475455751
364,-0.9558158,-0.9518580694522636
365,-0.9559343,-0.9630886204589018
366,-0.95586383,-0.9677859728599412
367,-0.9559989,-0.9673489976412585
368,-0.95573366,-0.964088095533751
369,-0.9558002,-0.969619283523093
370,-0.9555528,-0.9657665887496183
371,-0.95567393,-0.9568733396205538
372,-0.95560944,-0.9642964236773715
373,-0.95576215,-0.9641686777134192
374,-0.9558538,-0.9556511881289481
375,-0.9558091,-0.9715112092361942
376,-0.95590854,-0.9531564886855267
377,-0.95588005,-0.9592012872355371
378,-0.95561683,-0.9518187659930113
379,-0.9560989,-0.9624244877928756
380,-0.955495,-0.9661273724444177
381,-0.956146,-0.9594686611250555
382,-0.9555683,-0.953927093543974
383,-0.9557693,-0.9611397685027879
384,-0.9556674,-0.9482609308650005
385,-0.9557011,-0.9601368714949714
386,-0.9557284,-0.9514444040913739
387,-0.95602715,-0.9551761634328678
388,-0.95555806,-0.9533813201462251
389,-0.95605147,-0.891309558968758
390,-0.9555507,-0.9745998078389909
391,-0.9558692,-0.938804078932076
392,-0.95671666,-0.9668784527345149
393,-0.9548485,-0.9308859705780007
394,-0.95696867,-0.9718242318727263
395,-0.95409524,-0.9370245340882799
396,-0.9565165,-0.9745350447825003
397,-0.95452225,-0.951149517283292
398,-0.9563792,-0.9726875990496615
399,-0.95464337,-0.940914433588963
400,-0.956359,-0.9730820874732216
401,-0.9548334,-0.9308500067866214
402,-0.956344,-0.9751037394058482
403,-0.95501804,-0.9488973725018451
404,-0.9567405,-0.9635066960018228
405,-0.954821,-0.9414252785133574
406,-0.95663524,-0.9659054496427943
407,-0.9549537,-0.9430844696471594
408,-0.95633733,-0.9694886202265267
409,-0.9552363,-0.9446415647992157
410,-0.95628333,-0.9603489955957403
411,-0.95506907,-0.9386458375510145
412,-0.9563,-0.9698938673602656
413,-0.95514214,-0.9370797298268498
414,-0.9563097,-0.9710878154359851
415,-0.95513463,-0.9498268427174436
416,-0.95640767,-0.9743050715611732
417,-0.9548751,-0.9420958313543902
418,-0.95631063,-0.979205673454282
419,-0.9547994,-0.9438932554131114
420,-0.9563222,-0.9721345240739563
421,-0.95489335,-0.9520569730066137
422,-0.9565692,-0.9751487654149431
423,-0.9549067,-0.9448868310159153
424,-0.9564562,-0.9782156950137095
425,-0.9550452,-0.9404512049298641
426,-0.95636487,-0.9696728614498045
427,-0.95504117,-0.9490241914666799
428,-0.9566084,-0.973778136043502
429,-0.9550102,1.0305912952923366
430,-0.9565718,-0.9862028352681413
431,-0.95502937,-0.9442489515236758
432,-0.96129656,-0.9812745164400445
433,-0.976048,-0.9507904094647155
434,-0.96652615,-0.9730067130194147
435,-0.9597846,-0.9489910446194527
436,-0.96845484,-0.9755246406066123
437,-0.96620226,-0.884621140750157
438,-0.96794105,-0.9789634178060562
439,-0.9551656,-0.9537901325850666
440,-0.9574449,-0.9701857240128077
441,-0.9545648,-0.9500503690425397
442,-0.9572494,-0.9841302748336562
443,-0.95414996,-0.9476507640089504
444,-0.9561571,-0.9819143925546194
445,-0.95477057,-0.9581180540428603
446,-0.9561534,-0.9717180149164055
447,-0.95488095,-0.953957444993651
448,-0.9565189,-0.9780035784999473
449,-0.95512855,-0.9451312656718412
450,-0.9563503,-0.9863801587607088
451,-0.9553094,-0.9440962069762091
452,-0.95646334,-0.9773843718254829
453,-0.95495296,-0.9544022203970017
454,-0.9567443,-0.9756031054498451
455,-0.95483017,-0.9481564931296105
456,-0.95662665,-0.976651573284004
457,-0.955029,-0.9496848447637127
458,-0.95642745,-0.9660807302793111
459,-0.955163,-0.9400541859274905
460,-0.9564434,-0.9774583550756804
461,-0.95523226,-0.9386945573120331
462,-0.9565481,-0.9691236577041535
463,-0.95509195,-0.9382392592181531
464,-0.9566101,-0.968027633424846
465,-0.9548837,-0.9468740569726288
466,-0.9566126,-0.9708964088871032
467,-0.9549452,-0.9459576175531166
468,-0.95638347,-0.9726181890961116
469,-0.9549928,-0.9278638948206197
470,-0.9562539,-0.9696871464992388
471,-0.9550041,-0.9468730584914207
472,-0.95666325,-0.9641635793441925
473,-0.95494604,-0.9307456114742003
474,-0.9565822,-0.9715448124394819
475,-0.9549433,-0.9449705716324883
476,-0.956506,-0.9787017112043666
477,-0.95492697,-0.95313696320906
478,-0.95641756,-0.9750759899645658
479,-0.9546981,-0.9093501257485284
480,-0.9562669,-0.972351383716791
481,-0.95484805,-0.9430288063644631
482,-0.95694304,-0.9766998978993975
483,-0.9548645,-0.9306617870232248
484,-0.95706284,-0.9895858387733485
485,-0.9545125,-0.9350745475599156
486,-0.9566988,-0.9731051917856998
487,-0.9543582,-0.9470626240822164
488,-0.9568193,-0.9702166394239358
489,-0.95448625,-0.948508938159383
490,-0.95678747,-0.9735739833958945
491,-0.95494604,-0.9535008383703499
492,-0.9563124,-0.9728482076805065
493,-0.95513535,-0.9376509443651933
494,-0.9561987,-0.9687186014320764
495,-0.955143,-0.9483492255947155
496,-0.9564687,-0.9759041569518327
497,-0.9551525,-0.9479875080005064
498,-0.9564836,-0.9948058122890701
499,-0.95498586,-0.9529380698626171
500,-0.9563149,-0.9791122906978851
501,-0.9546238,-0.9462348860843939
502,-0.9564247,-0.9747252606944243
503,-0.95472956,-0.9473960231369294
504,-0.9567561,-0.9771915190206617
505,-0.955125,-0.9479120135772505
506,-0.9566796,-0.9770671088356238
507,-0.95512176,-0.9493265804650555
508,-0.95651317,-0.982623291742414
509,-0.9550116,-0.9469372727162537
510,-0.95647526,-0.9878434362925145
511,-0.95489085,-0.9458767932462828
512,-0.95656204,-0.9754872308375786
513,-0.9547751,-0.9484294980976427
514,-0.9567393,-0.9767277044208907
515,-0.9548751,-0.9427728506287942
516,-0.9567051,-0.9673156694368128
517,-0.95506024,-0.946921229461628
518,-0.95660853,-0.9700258196640795
519,-0.95517826,-0.9463257496346241
520,-0.956506,-0.9770422615995178
521,-0.95515394,-0.9467650243079613
522,-0.95632935,-0.9808319871345943
523,-0.9550092,-0.9386892303281216
524,-0.95635486,-0.9657744396808798
525,-0.95483446,-0.9491719626614632
526,-0.9566449,-0.9676597958781896
527,-0.9549805,-0.93609198582147
528,-0.95658016,-0.9685577044435494
529,-0.95517254,-0.939952935797185
530,-0.9564382,-0.9613808155877934
531,-0.95513797,-0.9356547280983185
532,-0.95647633,-0.9698215557696337
533,-0.955045,-0.9330899217650197
534,-0.95647144,-0.9761785946692318
535,-0.95499873,-0.9528959121602567
536,-0.9564986,-0.9847526228918455
537,-0.95464563,-0.9472821136906249
538,-0.95634246,-0.9700641011962026
539,-0.95454943,-0.940960295025598
540,-0.9563432,-0.9672751969924767
541,-0.9549769,-0.9485914835957547
542,-0.9566201,-0.9802003632833522
543,-0.9552318,-0.9502225087268665
544,-0.95645404,-0.9700756176663344
545,-0.9550035,-0.946757052253949
546,-0.95625794,-0.9835347626371067
547,-0.95502555,-0.9558737834126407
548,-0.95639884,-0.975230701590958
549,-0.9549551,-0.9535197625014092
550,-0.95636153,-0.9755642047411992
551,-0.95498884,-0.9487244267476516
552,-0.9563359,-0.9796547692995533
553,-0.95521677,-0.9484943224419189
554,-0.95643556,-0.98018551914609
555,-0.95513237,-0.9418789670402605
556,-0.95654774,-0.9718566759284664
557,-0.95494735,-0.9438943822262857
558,-0.9566829,-0.9784291537004454
559,-0.9550129,-0.9532086342140215
560,-0.956669,-0.958695267287593
561,-0.9549649,-0.9413337055530906
562,-0.9563947,-0.9762029767939919
563,-0.95525086,-0.9441484040652827
564,-0.9563376,-0.9816258806644123
565,-0.955258,-0.9486585538206336
566,-0.9563236,-0.9727528512312198
567,-0.95478415,-0.9425480958544193
568,-0.95648587,-0.9775637801593438
569,-0.954864,-0.9491798691590756
570,-0.9565549,-0.9835300630129711
571,-0.95504165,-0.9407743451989726
572,-0.9565387,-0.9380958142155023
573,-0.95484936,-0.9529901281820863
574,-0.9566184,-0.9687202183886596
575,-0.95549166,-0.9395265216424906
576,-0.9562919,-0.9680048656944213
577,-0.9555962,-0.9437830287165389
578,-0.95594704,-0.9674765380922855
579,-0.9551517,-0.9419897342314526
580,-0.9562603,-0.971609252112968
581,-0.9549191,-0.9284604346694465
582,-0.9563707,-0.9681121381583696
583,-0.9549905,-0.9390360720290356
584,-0.95664537,-0.9669484617927347
585,-0.95486665,-0.9491831775296153
586,-0.95664966,-0.9687203120519051
587,-0.9548255,-0.9653023037733451
588,-0.9562955,-0.9642219358722055
589,-0.9550085,-0.9715515140858988
590,-0.9558016,-0.9613377301305288
591,-0.9554132,-0.9684358045629431
592,-0.95555687,-0.9605420893620469
593,-0.95582354,-0.9536880742908665
594,-0.9555005,-0.9538346000993916
595,-0.9560399,-0.964586527791802
596,-0.9558642,-0.9540605347728516
597,-0.9560113,-0.9633816568355398
598,-0.9558077,-0.9485496215363496
599,-0.9559305,-0.9567330193958288
600,-0.95548785,-0.9507416745553591
601,-0.95606935,-0.9627705072435027
602,-0.95547295,-0.9558082718894512
603,-0.9560106,-0.9591904680665944
604,-0.9554988,-0.9551754164640998
605,-0.95586514,-0.9616890104874025
606,-0.9555069,-0.9618191523150219
607,-0.9558065,-0.9672591808104847
608,-0.9555714,-0.9547777556530459
609,-0.955734,-0.9600150998919603
610,-0.95550394,-0.9563142988212054
611,-0.9558679,-0.9624168597005456
612,-0.9556105,-0.9484397829930558
613,-0.955955,-0.9594338321759324
614,-0.9556289,-0.9517052475875644
615,-0.9560299,-0.9652937242101494
616,-0.95558774,-0.9630502859969111
617,-0.95599174,-0.9467417112612759
618,-0.9554086,-0.9542901458548156
619,-0.95580566,-0.9549996027281595
620,-0.95572615,-0.9504572252931272
621,-0.95569634,-0.9705582002197128
622,-0.9559624,-0.9571750657937799
623,-0.9556904,-0.9506211358607135
624,-0.95549905,-0.9547354596690643
625,-0.9558755,-0.9617607631099312
626,-0.955469,-0.955250787386986
627,-0.95587337,-0.9490358841342317
628,-0.95570743,-0.9597247963078082
629,-0.95572126,-0.9409467109297174
630,-0.95583606,-0.951266486307079
631,-0.9556507,-0.9405533058267161
632,-0.95606554,-0.9520672605836167
633,-0.95553064,-0.9545328974644753
634,-0.9561585,-0.9525488272556233
635,-0.9554286,-0.960844084690062
636,-0.95576954,-0.9653997214543788
637,-0.95551157,-0.9583148473717813
638,-0.9553689,-0.957749762676427
639,-0.9554721,-0.958793419440207
640,-0.9555588,-0.9575176677443463
641,-0.95563364,-0.9530482176515618
642,-0.9557618,-0.9642695695692856
643,-0.9557282,-0.9669190915166104
644,-0.95586073,-0.9601534378653667
645,-0.95565665,-0.9577514051479297
646,-0.9556855,-0.9683870121256757
647,-0.95563316,-0.9619996979747893
648,-0.9557009,-0.9666775234957621
649,-0.95563936,-0.9736227829199047
650,-0.9558027,-0.9618395632702265
651,-0.95555484,-0.9692731134883226
652,-0.95570445,-0.951642734215812
653,-0.95576024,-0.9590292659136201
654,-0.9555564,-0.9519970183185213
655,-0.9562347,-0.9618450584738543
656,-0.95568883,-0.9580729979908886
657,-0.9562495,-0.9661708745559328
658,-0.9556155,-0.9589732361873169
659,-0.9559171,-0.9627728885563047
660,-0.9554696,-0.9498072951112426
661,-0.9557884,-0.9611864928184796
662,-0.9555168,-0.9490704343891944
663,-0.955989,-0.9595602589137482
664,-0.9556049,-0.9415019455883793
665,-0.9561511,-0.955703754167654
666,-0.9555031,-0.9426874287153435
667,-0.95618594,-0.9550257080301432
668,-0.9554701,-0.9440175849556129
669,-0.95615983,-0.9548354376191861
670,-0.95541096,-0.9505123982326324
671,-0.956,-0.942994565205456
672,-0.9553485,-0.9435540846760637
673,-0.9557849,-0.9488781741281553
674,-0.9556203,-0.9469834622340862
675,-0.95575094,-0.961335753187265
676,-0.9557369,-0.9496590337521902
677,-0.9557054,-0.8922232710681657
678,-0.9553789,-0.9462939445407026
679,-0.95573735,-0.9505296482286087
680,-0.9563402,-0.949312154139845
681,-0.9553827,-0.9594374036059454
682,-0.95641553,-0.9581587612168467
683,-0.954906,-0.967394140440663
684,-0.955307,-0.9578867270741622
685,-0.9552945,-0.9624914636268832
686,-0.95498407,-0.9528018530318856
687,-0.955706,-0.9623505259984695
688,-0.9554229,-0.9512869291067675
689,-0.9559654,-0.9559106059695663
690,-0.9555831,-0.9626264916707874
691,-0.95605505,-0.9616620961696243
692,-0.9556359,-0.958988808735471
693,-0.95577884,-0.9651530737312172
694,-0.95564187,-0.9630838857775976
695,-0.95559204,-0.9487468813348987
696,-0.95560753,-0.9491942295264804
697,-0.9556736,-0.943797749065451
698,-0.9558909,-0.951474764362295
699,-0.9558687,-0.9541539145064737
700,-0.9561646,-0.9595583494726702
701,-0.9557409,-0.9608221494274186
702,-0.95583355,-0.9536870067817148
703,-0.9554856,-0.9671660396918096
704,-0.95554316,-0.949970361320767
705,-0.9555974,-0.9665914126930641
706,-0.9553925,-0.958531128617494
707,-0.9559889,-0.9705869072576829
708,-0.95532715,-0.9525057998221038
709,-0.956028,-0.9615053980301262
710,-0.95531535,-0.9569426126570864
711,-0.9560511,-0.9551312303098796
712,-0.9554752,-0.9635271786222079
713,-0.95606613,-0.9583883406910045
714,-0.95575917,-0.9571821968091522
715,-0.9557295,-0.9622150490802139
716,-0.9558469,-0.9463259018577828
717,-0.955636,1.0074758582059693
718,-0.9557457,-0.9559700921146925
719,-0.955999,-0.9583425367707011
720,-0.96073234,-0.9511469914080446
721,-0.9763477,-0.9580504570126149
722,-0.9662756,-0.9452739767594508
723,-0.9604596,-0.9596945983459818
724,-0.9678199,-0.9503739286998192
725,-0.9673351,-0.9575862494282812
726,-0.96690416,-0.9575613222424588
727,-0.9559946,-0.9710892163081521
728,-0.95540106,-0.9512070563128394
729,-0.95576715,-0.9546748258443473
730,-0.95530725,-0.9515948985290438
731,-0.9558809,-0.95717633374457
732,-0.9554963,-0.9443585082619511
733,-0.9560338,-0.962391185483618
734,-0.9557022,-0.9519902199612306
735,-0.9560394,-0.9632419362984045
736,-0.95545924,-0.9526024023903263
737,-0.95593226,-0.9599855889300721
738,-0.95526266,-0.9589092432225101
739,-0.9559176,-0.9592341965792006
740,-0.95543945,-0.9548381466789412
741,-0.95582914,-0.9606645118670951
742,-0.9556111,-0.9579148440013365
743,-0.95579314,-0.9575012211382535
744,-0.9556509,-0.9501647628746869
745,-0.95580006,-0.7861388771207548
746,-0.95569074,-0.9570576059985623
747,-0.95589983,-0.9677251751998999
748,-0.9574969,-0.9564895022815443
749,-0.9548869,-0.9465913690445029
750,-0.95725584,-0.9584426991539616
751,-0.9533423,-0.9681276669491541
752,-0.9550917,-0.9492830406062781
753,-0.9548477,-0.9593283837914413
754,-0.95477474,-0.9559694814663312
755,-0.9558227,-0.9632699560405231
756,-0.9555031,-0.9599563575263357
757,-0.95594513,-0.9594393564035232
758,-0.95545316,-0.9518063083311255
759,-0.9558052,-0.9698787481372617
760,-0.9556134,-0.9452155296000889
761,-0.95585406,-0.951383538155045
762,-0.95549524,-0.961191254677358
763,-0.9561665,-0.9585221471031644
764,-0.95550203,-0.9475193340566458
765,-0.955953,-0.9662094030788135
766,-0.955631,-0.9526071682224053
767,-0.9557661,-0.9603975070479669
768,-0.9555237,-0.9603518854979689
769,-0.9559562,-0.9552857245329072
770,-0.95537364,-0.9513187474328728
771,-0.95585656,-0.9562177127431128
772,-0.95566356,-0.96258152675437
773,-0.9557866,-0.8912360899754177
774,-0.9557992,-0.9596119718920872
775,-0.955662,-0.9608797669597585
776,-0.9568157,-0.952457232549638
777,-0.95499265,-0.9614015756733012
778,-0.95659924,-0.9529894178397535
779,-0.9547914,-0.9657103777878651
780,-0.9554162,-0.9575914447955862
781,-0.95564795,-0.9463043779356755
782,-0.9551357,-0.9475728764203133
783,-0.95591784,-0.9602789474988858
784,-0.95571816,-0.9649301066263596
785,-0.9559053,-0.9562039807153078
786,-0.95574486,-0.9638052883361136
787,-0.95559573,-0.9658111060585257
788,-0.95567846,-0.95118024024975
789,-0.95544696,-0.9663612313666283
790,-0.95565677,-0.9640008173707946
791,-0.9557669,-0.970079515381566
792,-0.9555515,-0.969108455497879
793,-0.95592356,-0.9632610918025338
794,-0.9554045,-0.9608109646629658
795,-0.9557419,-0.9730806850011791
796,-0.95568776,-0.9501064833556437
797,-0.95577455,-0.9618214481516816
798,-0.9557135,-0.9586319175293218
799,-0.9561553,-0.9658104316771523
800,-0.9555682,-0.9623763901514538
801,-0.95618343,-0.9593813300763407
802,-0.9555484,-0.9510193812609702
803,-0.95585155,-0.9621035278548574
804,-0.9557272,-0.9848546307173902
805,-0.9558842,-0.9497903666388465
806,-0.95568883,-0.9758485265147512
807,-0.95547223,-0.94936445757502
808,-0.9559603,-0.9752662521260367
809,-0.95506895,-0.9467829739224116
810,-0.95652485,-0.9798813532911999
811,-0.9550406,-0.9419367910156109
812,-0.9565623,-0.9733902608068928
813,-0.9550283,-0.9532308065972608
814,-0.9566233,-0.9871057800223257
815,-0.9549309,-0.9408190255676538
816,-0.95649254,-0.9699389677356198
817,-0.9548415,-0.9379339872907088
818,-0.95655286,-0.9776499382266299
819,-0.9550016,-0.9436998680149558
820,-0.9568194,-0.9723591161871568
821,-0.95497215,-0.8840164182172275
822,-0.9566611,-0.9795697763403215
823,-0.9548707,-0.9480565501249492
824,-0.95745265,-0.9664314987948528
825,-0.95438516,-0.944895578931328
826,-0.9572228,-0.9670073026169086
827,-0.95415974,-0.9514025952710814
828,-0.95626414,-0.9694804200982726
829,-0.9549333,-0.9411159911903864
830,-0.9559438,-0.9778428118365603
831,-0.95525146,-0.9547633059633063
832,-0.95631397,-0.9672682099749496
833,-0.9550204,-0.9512235133619478
834,-0.9563099,-0.9755860807909409
835,-0.95505095,-0.9473170305144452
836,-0.95623136,-0.9623027962899722
837,-0.95524037,-0.9503331627724472
838,-0.95629513,-0.9790754796490563
839,-0.9553441,-0.9456813151902328
840,-0.9562954,-0.9729749468022456
841,-0.9551704,-0.9490027221484518
842,-0.9563464,-0.9723460445271426
843,-0.9550444,-0.945220763180844
844,-0.9564221,-0.9672619390407999
845,-0.9550712,-0.9475121422758775
846,-0.9564482,-0.973235094402768
847,-0.9552022,-0.9515745179094481
848,-0.95636725,-0.9659909731131437
849,-0.95515,-0.947823601548669
850,-0.9562259,-0.9650375991146602
851,-0.95517576,-0.9302135087974435
852,-0.95621943,-0.9652670437494045
853,-0.95538056,-0.9430745642963889
854,-0.95651877,-0.96398940029978
855,-0.95520365,-0.9557522820252407
856,-0.9564843,-0.9696885435115719
857,-0.9549581,-0.9391208303545098
858,-0.95601416,-0.9664681897593275
859,-0.9551133,-0.9359250686724749
860,-0.95609915,-0.9367795778839021
861,-0.95521665,-0.9479862036445179
862,-0.95654416,-0.9773942908795057
863,-0.95555913,-0.9493542528786948
864,-0.95613194,-0.9701808456184338
865,-0.95524144,-0.9419399424039994
866,-0.95570385,-0.9616411580320505
867,-0.95489335,-0.9205269520696131
868,-0.95625603,-0.9651810362237813
869,-0.955124,-0.8822413802839647
870,-0.95681155,-0.9722584301617365
871,-0.9550798,-0.9559119601476629
872,-0.95739675,-0.9701300025967023
873,-0.95424736,-0.9272735080858557
874,-0.9567934,-0.9634227027585025
875,-0.9540396,-0.9429821097609904
876,-0.956211,-0.9727708186497617
877,-0.9548384,-0.9396769150194124
878,-0.9563091,-0.972571931318768
879,-0.9548969,-0.9418114594910881
880,-0.956388,-0.9742985847235333
881,-0.95480585,-0.9309510168280299
882,-0.9564115,-0.9726324305649281
883,-0.95482993,-0.936940026206672
884,-0.95667636,-0.9716585950610261
885,-0.95482457,-0.9384580009573269
886,-0.9567729,-0.9663526955618771
887,-0.9547558,-0.9419784614879161
888,-0.9565928,-0.9757566087762704
889,-0.95490634,-0.9359677283900438
890,-0.95638776,-0.9724275803353652
891,-0.95487237,-0.9410520695910851
892,-0.95648205,-0.9635496318586261
893,-0.95481193,-0.9451302208418182
894,-0.95662,-0.9801565883106784
895,-0.95495844,-0.9471976349763978
896,-0.9563961,-0.9824282047508643
897,-0.9549153,-0.9470742943513812
898,-0.9562619,-0.9648637320784959
899,-0.9547156,-0.9469463229899827
900,-0.95651674,-0.9739116038120519
901,-0.9550574,-0.9587522809070301
902,-0.95653,-0.9701064246643707
903,-0.95524526,-0.9401442021377029
904,-0.9561546,-0.9788666337172277
905,-0.95521283,-0.9436395201621668
906,-0.95633006,-0.9743893317005847
907,-0.9550905,-0.9543897962428345
908,-0.9566064,-0.9764533472919918
909,-0.9548824,-0.9489783619121187
910,-0.9564465,-0.9599266328828965
911,-0.9549706,-0.9364886851670242
912,-0.956295,-0.9686489240315624
913,-0.95537996,-0.936378492000985
914,-0.9565095,-0.9789754700713615
915,-0.95532954,-0.9541892536837111
916,-0.95658195,-0.9752606031464162
917,-0.95478714,-0.879066004988122
918,-0.95633125,-0.9736764290422479
919,-0.95469964,-0.9362504984848644
920,-0.95746875,-0.9650924559070666
921,-0.95452404,-0.9497099252349521
922,-0.95745206,-0.9728773214194144
923,-0.9542259,-0.9419449849720938
924,-0.95626926,-0.9706769858832066
925,-0.95470154,-0.9481177369711572
926,-0.95591426,-0.9769246841595186
927,-0.9550282,-0.9489670306170714
928,-0.95635045,-0.9698991773624892
929,-0.9549471,-0.9338257878829505
930,-0.95637286,-0.9664487066024299
931,-0.9550564,-0.9414480724745562
932,-0.956581,-0.9711041773416911
933,-0.95512307,-0.9423436954532539
934,-0.956563,-0.960966207756797
935,-0.95494795,-0.9431758902986218
936,-0.9563991,-0.9665456250299633
937,-0.95508695,-0.9418098806867805
938,-0.95628107,-0.9610983666566233
939,-0.95515573,-0.9409259828281378
940,-0.9562502,-0.9705854250289206
941,-0.95518816,-0.9435464872184661
942,-0.956298,-0.9571033884336273
943,-0.9550468,-0.9625609230806533
944,-0.95627904,-0.9601598510941857
945,-0.95518756,-0.9495014570581731
946,-0.9559407,-0.9667989506390975
947,-0.9554925,-0.957667913224689
948,-0.95579445,-0.9740055162502541
949,-0.9555136,-0.9630959413285993
950,-0.9558637,-0.9803728084775339
951,-0.95521283,-0.9645681981979574
952,-0.9559115,-0.954910415557336
953,-0.9551662,-0.9472885760235537
954,-0.9559921,-0.9579134792812256
955,-0.9557054,-0.9406627715229599
956,-0.9562497,-0.9675901214022611
957,-0.9559487,-0.9434503771067808
958,-0.95629,-0.9528899427920992
959,-0.9554224,-0.9536196794207887
960,-0.9562634,-0.9661167063781182
961,-0.95522606,-0.9530143411127976
962,-0.95600724,-0.9798187197719386
963,-0.95537186,-0.9622597014588816
964,-0.9557638,-0.9587771337382953
965,-0.9551041,-0.9426726285051377
966,-0.9559009,-0.972224671780783
967,-0.95533264,-0.9650207745180488
968,-0.95628166,-0.9616274652849146
969,-0.9554981,-0.9535514397235534
970,-0.95604,-0.9695461738676509
971,-0.95545626,-0.961170538174507
972,-0.95592093,-0.9625028165704037
973,-0.9555179,-0.9576312485946195
974,-0.95589054,-0.9554697935889275
975,-0.95557857,-0.9703289831344099
976,-0.9559407,-0.9558039535448821
977,-0.9558166,-0.9558110848318433
978,-0.95560384,-0.9715869616384467
979,-0.95597076,-0.9571301081656354
980,-0.9555651,-0.9560644076061235
981,-0.955685,-0.9545474557281379
982,-0.9558631,-0.9662098756883999
983,-0.95558584,-0.9568074531673445
984,-0.9560231,-0.9690788114708813
985,-0.95556855,-0.9529968386166462
986,-0.9559014,-0.9705671883166351
987,-0.95541215,-0.9690436191139646
988,-0.95604265,-0.9587948638823034
989,-0.95531666,-0.9504545066318367
990,-0.95591426,-0.9546901885921784
991,-0.9556229,-0.9518179608705016
992,-0.9559703,-0.9583938153982238
993,-0.9559488,-0.9591595932324246
994,-0.95598674,-0.9622854178668743
995,-0.95573163,-0.9535152069222461
996,-0.95577025,-0.9598189794564708
997,-0.95550275,-0.9553965269037434
998,-0.9557432,-0.9646041026726394
999,-0.9556016,-0.9665427599508354
1000,-0.95587313,-0.9681238505980293
1001,-0.95553577,-0.9501760233613137
1002,-0.9557235,-0.9564987093064923
1003,-0.95550776,-0.9545317032926062
1004,-0.9558817,-0.9627208167806018
1005,-0.95569587,-0.9532636400763621
1006,-0.9560739,-0.9597464493539628
1007,-0.9556291,-0.9225765300814618
1008,-0.95595706,-0.9458845830444782
1009,-0.9555541,-0.9494458649774558
1010,-0.95639634,-0.9553156148860749
1011,-0.9555365,-0.9547444831466396
1012,-0.95627916,-0.9609312973181732
1013,-0.9553293,-0.9389722708078512
1014,-0.95555985,-0.9556321975854525
1015,-0.95533454,-0.9659619572081499
1016,-0.9557928,-0.9607158486912031
1017,-0.9553642,-0.9444182445468612
1018,-0.95582247,-0.9646882788673715
1019,-0.95547616,-0.9511904196043943
1020,-0.95575535,-0.9615670588590233
1021,-0.955516,-0.956618773875533
1022,-0.9560659,-0.9650515454536218
1023,-0.955389,-0.9985859833070424
1024,-0.9559399,-0.9488801600315189
1025,-0.95543873,-0.9744915223495748
1026,-0.95508885,-0.9524805180604601
1027,-0.9561095,-0.9852284272278051
1028,-0.954916,-0.9426487976954028
1029,-0.956759,-0.9765407311242318
1030,-0.95504093,-0.9478907739373147
1031,-0.95677054,-0.9748904238079052
1032,-0.9550401,-0.9551068846098671
1033,-0.9567137,-0.9771354149745406
1034,-0.9550141,-0.9471766980786641
1035,-0.9564148,-0.9787630042032844
1036,-0.95509875,-0.9496475803657731
1037,-0.95635045,-0.9727017336261532
1038,-0.95505464,-0.9467474193749752
1039,-0.9565308,-0.9759369903841415
1040,-0.95509195,-0.9518544853369925
1041,-0.95652366,-0.9816278763793096
1042,-0.95512533,-0.9497549903125144
1043,-0.9563968,-0.9723659618230165
1044,-0.95496905,-0.9513346438866941
1045,-0.9564185,-0.9746320386327211
1046,-0.9550905,-0.937551445787864
1047,-0.95645845,-0.9692751935097765
1048,-0.95517814,-0.9313229795847257
1049,-0.9565952,-0.9682874556764931
1050,-0.9551767,-0.9438916910611026
1051,-0.9567939,-0.6776289842372898
1052,-0.9549645,-0.9569553649803917
1053,-0.9565499,-0.974308813822254
1054,-0.95771015,-0.9464676293769062
1055,-0.9545357,-0.9588369624654267
1056,-0.95738685,-0.9355058381490049
1057,-0.9521543,-0.9644154490497822
1058,-0.95425034,-0.9375313521463415
1059,-0.95515287,-0.9696151171752598
1060,-0.9537586,-0.9419138497027815
1061,-0.95648515,-0.9563805596803514
1062,-0.9549326,-0.9376499103227001
1063,-0.9563664,-0.9688097905145018
1064,-0.95507824,-0.9457399572682488
1065,-0.9563054,-0.9697211743795571
1066,-0.95511913,-0.950595849649793
1067,-0.9562079,-0.9768523394186488
1068,-0.95494795,-0.9360618291828997
1069,-0.95613706,-0.9789335152884825
1070,-0.9549265,-0.9426307017875708
1071,-0.95646524,-0.967024015156831
1072,-0.95485055,-0.9410432594563781
1073,-0.9567112,-0.9600175271112976
1074,-0.9548869,-0.9419205087467485
1075,-0.95659816,-0.9656999662566339
1076,-0.9552511,-0.9362603189553493
1077,-0.9563401,-0.9569532384478125
1078,-0.95524,-0.9461732170623406
1079,-0.95632684,-0.9635448201024586
1080,-0.95519865,-0.9546390825410307
1081,-0.9561447,-0.9758821321536257
1082,-0.955186,-0.9368753597848023
1083,-0.9558487,-0.9700482377445988
1084,-0.9550648,-0.9443842731489535
1085,-0.9562082,-0.9688248297143227
1086,-0.9550204,-0.9422817992081256
1087,-0.95658946,-0.9702434401328657
1088,-0.9550003,-0.9362807483917306
1089,-0.95645976,-0.9668309432442324
1090,-0.9550533,-0.9398524180082616
1091,-0.9565201,-0.9705040613260751
1092,-0.95501673,-0.9397188406462246
1093,-0.95654523,-0.9716675988133607
1094,-0.95490074,-0.9405311585505085
1095,-0.95644975,-0.9797393795952261
1096,-0.9548631,-0.9518289383689194
1097,-0.95643795,-0.9739018921854186
1098,-0.95472777,-0.9497436196661508
1099,-0.95640063,-0.9782403716100447
1100,-0.95485926,-0.9420585512791286
1101,-0.9563267,-0.9738993381550523
1102,-0.9550452,-0.9405930208222004
1103,-0.9565364,-0.9718609084645404
1104,-0.9550345,-0.9501453273531015
1105,-0.9567009,-0.9727853127054706
1106,-0.9549724,-0.9455635016826384
1107,-0.95646846,-0.9801199425105538
1108,-0.9549887,-0.9470213521878245
1109,-0.9563358,-0.9047393780123811
1110,-0.9549533,-0.9445970080924831
1111,-0.95648265,-0.9727982403789275
1112,-0.9561323,-0.9445208832869575
1113,-0.9559766,-0.9672899502784691
1114,-0.9559765,-0.9447650605731199
1115,-0.9554837,-0.9770540416508506
1116,-0.95494556,-0.9356219023054415
1117,-0.9560579,-0.9643625106217775
1118,-0.954671,-0.9511200047986106
1119,-0.9565455,-0.9778041884553526
1120,-0.95495915,-0.9444904206052889
1121,-0.95641935,-0.9670520642080538
1122,-0.9549322,-0.9491470291248496
1123,-0.9562552,-0.9763517521571271
1124,-0.955076,-0.9447062808956151
1125,-0.9563321,-0.9557669273834632
1126,-0.95508933,-0.9372223867833718
1127,-0.9564166,-0.96308963735528
1128,-0.9553199,-0.9442856801774946
1129,-0.95649457,-0.9660684711576435
1130,-0.9553312,-0.9479229314584083
1131,-0.9562534,-0.9765211727116747
1132,-0.95507693,-0.936975076925048
1133,-0.95609295,-0.9685830084840842
1134,-0.95492744,-0.9429671161093636
1135,-0.9563639,-0.9728547547865583
1136,-0.95499027,-0.942671496759675
1137,-0.9565718,-0.967537524547077
1138,-0.95494795,-0.9417261544223322
1139,-0.956463,-0.9567758897564393
1140,-0.95502913,-0.937530246506881
1141,-0.9564148,-0.9665328122294283
1142,-0.95526016,-0.9364640021162179
1143,-0.95640445,-0.9678561157601815
1144,-0.95518553,-0.9412623876742074
1145,-0.9563339,-0.9632221811612548
1146,-0.95488274,-0.9466731510722117
1147,-0.95636773,-0.9790452536562732
1148,-0.9549527,-0.8906709490030897
1149,-0.95621634,-0.9659414833057363
1150,-0.9549395,-0.9382556608899768
1151,-0.95718205,-0.9766369889780837
1152,-0.9545479,-0.9474202863362358
1153,-0.95729053,-0.971673421943215
1154,-0.9541211,-0.9446921163465372
1155,-0.9562863,-0.9661617508707869
1156,-0.9545977,-0.9384305421583068
1157,-0.9561354,-0.9108366696181264
1158,-0.95512986,-0.9452238696775079
1159,-0.9564947,-0.9763940472953123
1160,-0.9561393,-0.9537983192877292
1161,-0.9559165,-0.9784449606102895
1162,-0.95568407,-0.9413344080507501
1163,-0.95529175,-0.9590148429218721
1164,-0.95466876,-0.9389716449827683
1165,-0.95610523,-0.9403548270431575
1166,-0.954965,-0.944471950034677
1167,-0.9565829,-0.9687859831351666
1168,-0.9557301,-0.9387439973639959
1169,-0.9561107,-0.9581164075345047
1170,-0.95541346,-0.9432633636730077
1171,-0.9559196,-0.9684328642427114
1172,-0.95506215,-0.9411041118767589
1173,-0.956167,-0.9635712886323569
1174,-0.9550179,-0.9372759707434457
1175,-0.9562247,-0.9716143936499777
1176,-0.95508194,-0.9385002164367959
1177,-0.95636857,-0.9610491745669472
1178,-0.95496213,-0.9354994187351471
1179,-0.9564798,-0.9663189053392963
1180,-0.9550134,-0.9472761068172755
1181,-0.95649254,-0.9653778712301718
1182,-0.9550234,-0.9421767484198316
1183,-0.956272,-0.9806789504470772
1184,-0.955009,-0.9433051205698761
1185,-0.9561734,-0.9673369867130475
1186,-0.9548919,-0.9384813981748448
1187,-0.9563947,-0.9749210537013924
1188,-0.9549062,-0.9408432015469309
1189,-0.9566375,-0.9676387416377149
1190,-0.9549401,-0.9454380469471315
1191,-0.956589,-0.96746353047398
1192,-0.95498896,-0.9366135744509039
1193,-0.9564265,-0.9633166281859011
1194,-0.9550545,-0.9412915066485852
1195,-0.95643485,-0.9699333842241431
1196,-0.9551716,-0.9412733890809648
1197,-0.9564303,-0.9734504326418403
1198,-0.95498943,-0.9388456649772146
1199,-0.95636415,-0.9695396257740795
1200,-0.9548527,-0.9656907014371576
1201,-0.9564538,-0.9742004402195209
1202,-0.9548806,-0.9483510949792142
1203,-0.95613205,-0.9751474330716888
1204,-0.95508075,-0.9386566586920799
1205,-0.9560348,-0.9027632386918927
1206,-0.95526946,-0.9409498487491768
1207,-0.95660245,-0.9661021332638404
1208,-0.9562669,-0.9454075989476276
1209,-0.9561646,-0.9668752484021621
1210,-0.9559461,-0.9406230394893039
1211,-0.95537543,-0.9740489971013571
1212,-0.9549185,-0.9405888559140023
1213,-0.95594597,-0.9596455343523631
1214,-0.95464265,-0.9291664414306978
1215,-0.95646095,-0.962311579194234
1216,-0.95508754,-0.9405911023154501
1217,-0.95662034,-0.962865437735654
1218,-0.9551178,-0.9483853304236213
1219,-0.9564029,-0.9722008153458717
1220,-0.95500374,-0.9417115217874653
1221,-0.95607686,-0.9695267881877904
1222,-0.9549724,-0.9489579432016857
1223,-0.95614004,-0.9729763557145092
1224,-0.95499396,-0.9429991195953236
1225,-0.95631003,-0.9641142079019687
1226,-0.95500576,-0.9403419339607595
1227,-0.9563731,-0.9737310723068424
1228,-0.9551612,-0.9789491546706776
1229,-0.95645547,-0.9583572240723375
1230,-0.9550396,-0.9447083361869602
1231,-0.9558501,-0.9661526218976733
1232,-0.9554291,-0.9417439551317165
1233,-0.9558315,-0.9724259391339845
1234,-0.9557774,-0.9436760173308312
1235,-0.9563335,-0.9766228864146922
1236,-0.9552126,-0.9386377828925645
1237,-0.95651996,-0.9742670972525481
1238,-0.9548075,-0.9420985478323239
1239,-0.9565351,-0.9749564938937593
1240,-0.95479596,-0.9501783756121498
1241,-0.9566121,-0.9246916213952924
1242,-0.95481515,-0.9781089642546411
1243,-0.95641685,-0.9558587251238011
1244,-0.9557928,-0.9588612266721979
1245,-0.9554068,-0.9471852645074756
1246,-0.95628846,-0.9530575384470716
1247,-0.95493984,-0.9543041833784545
1248,-0.9562079,-0.9560587272211929
1249,-0.9555141,-0.94433885310467
1250,-0.9558469,-0.9567745273389677
1251,-0.95571494,-0.9550941146870325
1252,-0.95587075,-0.9605640231485392
1253,-0.95554376,-0.9398470378519771
1254,-0.95578444,-0.9560200464736348
1255,-0.95541286,-0.9626539759866805
1256,-0.9560019,-0.9583170772947591
1257,-0.95542586,-0.9463766616665894
1258,-0.95583785,-0.9437832221835734
1259,-0.9555166,-0.9571472973605522
1260,-0.9557997,-0.9606146583239015
1261,-0.95585597,-0.9477925994698423
1262,-0.95571244,-0.958044044275056
1263,-0.9556862,-0.9443281901962632
1264,-0.9556978,-0.9553682093091014
1265,-0.95549476,-0.9481768761783402
1266,-0.95597553,-0.9637391150046342
1267,-0.9554597,-0.9543873974273914
1268,-0.9560076,-0.965049617204103
1269,-0.95536876,-0.9421095254208631
1270,-0.9558171,-0.9594323502328508
1271,-0.95526135,-0.9514446799569524
1272,-0.9560869,-0.9647881387729343
1273,-0.95535815,-0.9543319031747282
1274,-0.95613396,-0.9620538430376441
1275,-0.9553417,-0.9498019464781098
1276,-0.9559157,-0.9547510567104576
1277,-0.9554155,-0.9225899661301717
1278,-0.9559963,-0.9492707973058663
1279,-0.955562,-0.9521800697274647
1280,-0.9564214,-0.9618123662278352
1281,-0.95551515,-0.9941053962612935
1282,-0.95613587,-0.9605102764743376
1283,-0.95513713,-0.9527078276605506
1284,-0.95491564,-0.9566326606180662
1285,-0.9556284,-0.9572796809674319
1286,-0.9551773,-0.9668673224777409
1287,-0.95614517,-0.9520873338527621
1288,-0.95593226,-0.9688717000306247
1289,-0.9556962,-0.9457449805676289
1290,-0.956048,-0.952737112316653
1291,-0.95532537,-0.9399324859898821
1292,-0.9561963,-0.9612302948365301
1293,-0.95550406,0.9738173752955182
1294,-0.9563247,-0.9672442383937443
1295,-0.95541704,-0.9519382485920791
1296,-0.96137047,-0.9631962465093589
1297,-0.97474134,-0.9462963493549482
1298,-0.9665446,-0.9618182656781534
1299,-0.9595362,-0.9497195433098498
1300,-0.9680128,-0.9756483230277948
1301,-0.96641576,-0.945094247211832
1302,-0.96746993,-0.96021113783831
1303,-0.9551754,-0.9447017764602961
1304,-0.95620203,-0.948691648494798
1305,-0.9552063,-0.9466828959175635
1306,-0.95634854,-0.9569906954974841
1307,-0.95556915,-0.9330727504128593
1308,-0.95604515,-0.9525019634178603
1309,-0.95560014,-0.9401763249662731
1310,-0.95605206,-0.9533330917406647
1311,-0.9553522,-0.9450389421597531
1312,-0.9561331,-0.9548281541354324
1313,-0.9552314,-0.9377893798718773
1314,-0.9559134,-0.9544393441374299
1315,-0.95530117,-0.951374766277092
1316,-0.955951,-0.9601558775048624
1317,-0.9553052,-0.9526299375010363
1318,-0.95586395,-0.9616764583033153
1319,-0.95528126,-0.9625751869983268
1320,-0.95570743,-0.9626820782786971
1321,-0.9553745,-0.9592726645387923
1322,-0.9556323,-0.9596995851165954
1323,-0.955526,-0.9373173134417714
1324,-0.9557078,-0.963886096055481
1325,-0.9556998,-0.9679167354199081
1326,-0.9561367,-0.9650080668137063
1327,-0.95550346,-0.9513124268903346
1328,-0.9559699,-0.9688316770465151
1329,-0.95536304,-0.9577366357461261
1330,-0.9557916,-0.9690614085129046
1331,-0.9554833,-0.9554817710529404
1332,-0.95598805,-0.9617674589898315
1333,-0.95542145,-0.9611337832802394
1334,-0.95609343,-0.9599139407370192
1335,-0.95551133,-0.9545283413071176
1336,-0.95590186,-0.9365030831345784
1337,-0.95572925,-0.9357323058416116
1338,-0.9558369,-0.9666914574172982
1339,-0.9561459,-0.9675647830158666
1340,-0.95602906,-0.9604210075410455
1341,-0.9556612,-0.9533190773083391
1342,-0.9556197,-0.9529968815403896
1343,-0.95521235,-0.9459471041906172
1344,-0.955619,-0.9653582641381209
1345,-0.95571506,-0.9597472593926749
1346,-0.9559386,-0.9683700952971841
1347,-0.9556258,-0.9502900931178513
1348,-0.9559107,-0.9654291895209437
1349,-0.9552623,-0.942734587290122
1350,-0.95590234,-0.9527006745950262
1351,-0.95536196,-0.9651889306566542
1352,-0.95630205,-0.8021680130769371
1353,-0.95558083,-0.9646838559998238
1354,-0.95594335,-0.9609850043224005
1355,-0.9573966,-0.9579290962063307
1356,-0.9544679,-0.9617901954130319
1357,-0.957394,-0.9628579039738221
1358,-0.9533311,-0.9572791856745808
1359,-0.9552008,-0.9607578729021561
1360,-0.9549792,-0.9608886456974012
1361,-0.9549295,-0.9586509019440101
1362,-0.9557117,-0.9711303476446315
1363,-0.95579326,-0.9516063798847083
1364,-0.95572174,-0.9583918166574386
1365,-0.95555496,-0.9461080538040805
1366,-0.9559908,-0.9539932826954187
1367,-0.955529,-0.9459119241804943
1368,-0.95622826,-0.952370591628417
1369,-0.9556538,-0.9574040444677097
1370,-0.9561211,-0.9533800070707874
1371,-0.95559084,-0.946512058969978
1372,-0.9557264,-0.9523349195107885
1373,-0.9555868,-0.9452040551967773
1374,-0.9556626,-0.957331447893154
1375,-0.95566654,-0.94869253889257
1376,-0.95585644,-0.9545570834090393
1377,-0.9554595,-0.9501364199716338
1378,-0.9559194,-0.961830233987477
1379,-0.9554106,-0.944957786346834
1380,-0.95584285,-0.969990322719622
1381,-0.9553946,-0.9520285614390633
1382,-0.9559146,-0.9611283652817122
1383,-0.95517933,-0.9484331198620579
1384,-0.95605063,-0.9582748113755934
1385,-0.95523643,-0.9453611139510179
1386,-0.95614505,-0.9631814010178253
1387,-0.9554987,-0.9422841555636197
1388,-0.95609725,-0.9650858146389288
1389,-0.9554051,-0.9574376868564167
1390,-0.9561237,-0.9657603900049418
1391,-0.9551934,-0.9500588967199679
1392,-0.9560069,-0.9590492934515675
1393,-0.9552227,-0.9451097041100924
1394,-0.955976,-0.9518390180542263
1395,-0.9554994,-0.9480423882953208
1396,-0.9560987,-0.964939133033174
1397,-0.9556259,-0.9349459861805696
1398,-0.956053,-0.9617124364846212
1399,-0.9554368,-0.9573602047031733
1400,-0.95613575,-0.964256195595625
1401,-0.9551352,-0.9598573744269313
1402,-0.95602715,-0.9647086485246232
1403,-0.9551791,-0.9556686671735374
1404,-0.95574903,-0.9670989305226936
1405,-0.95544577,-0.9412710702584954
1406,-0.9557996,-0.9562026599321146
1407,-0.95554936,-0.9453874525162446
1408,-0.956229,-0.9557438596668133
1409,-0.9555476,-0.9481143395606054
1410,-0.95632565,-0.946867083465059
1411,-0.95547986,-0.9487007998962216
1412,-0.95599294,-0.9482987219634116
1413,-0.9556569,-0.940789927578152
1414,-0.95572877,-0.947718301315654
1415,-0.955693,-0.9598464607682735
1416,-0.9557737,-0.9635717239762029
1417,-0.9556345,-0.9574108322920816
1418,-0.95555437,-0.9634468457603903
1419,-0.95534563,-0.9606467583271399
1420,-0.95547783,-0.9556867712397492
1421,-0.95537794,-0.9451590818277296
1422,-0.95566535,-0.9580755228257212
1423,-0.95565546,-0.947194904291117
1424,-0.95599914,-0.9559435492464532
1425,-0.95571244,-0.9595768174001799
1426,-0.9560857,-0.9665919681941303
1427,-0.9554932,-0.9577930832363517
1428,-0.9557897,-0.9525174931095421
1429,-0.955394,-0.9463053112909254
1430,-0.9556551,-0.9602281646161905
1431,-0.9556458,-0.9664858647973431
1432,-0.9559827,-0.9658380560404751
1433,-0.95568943,-0.9548466910278943
1434,-0.9557209,-0.958836896508529
1435,-0.95547056,-0.950782799383413
1436,-0.9557283,-0.9265551205339042
1437,-0.9556147,-0.9693096237835624
1438,-0.95597947,-0.9604856399300359
1439,-0.95620644,-0.9582789451903881
1440,-0.9554353,-0.9514889807268914
1441,-0.95611703,-0.9462769055862716
1442,-0.9550786,-0.9563817552558656
1443,-0.9558333,-0.950396098420616
1444,-0.95571995,-0.9618662530975403
1445,-0.95566094,-0.8874220821020553
1446,-0.9559926,-0.9552918543902326
1447,-0.95546114,-0.9559403342754873
1448,-0.956951,-0.9700818863152294
1449,-0.95491195,-0.96111300671443
1450,-0.95664823,-0.9596630493875662
1451,-0.9544271,-0.955318547328152
1452,-0.9555011,-0.9626749739837411
1453,-0.95514953,-0.9500133549027094
1454,-0.95554173,-0.9638870553475845
1455,-0.9556565,-0.9547946195840369
1456,-0.9560491,-0.9659573954885927
1457,-0.9555503,-0.9677020287836455
1458,-0.95601726,-0.960606791434681
1459,-0.9553518,-0.9604670627175866
1460,-0.95573354,-0.9648501838105896
1461,-0.95562553,-0.9940372204970702
1462,-0.955654,-0.947407986771746
1463,-0.95578265,-0.9673292061081467
1464,-0.9552449,-0.9437533951779951
1465,-0.9562329,-0.9684703310344258
1466,-0.95515645,-0.9308498118960418
1467,-0.95676744,-0.9619699194519764
1468,-0.95529187,-0.9384297341764484
1469,-0.9567964,-0.9586840648843475
1470,-0.95521104,-0.9480384928645567
1471,-0.9565449,-0.9808990708276177
1472,-0.95507514,-0.946183246885165
1473,-0.9560921,-0.9748407556773233
1474,-0.95488536,-0.9420529855275515
1475,-0.9560659,-0.9670597209237407
1476,-0.9548056,-0.9451310714931569
1477,-0.9565431,-0.9730722493983873
1478,-0.9550679,-0.956689344319442
1479,-0.9565544,-0.973856365977944
1480,-0.955089,-0.9536262341562747
1481,-0.956169,-0.977020639916443
1482,-0.9551202,-0.9498851104955448
1483,-0.95610034,-0.9564156314749995
1484,-0.9551809,-0.9388817117719663
1485,-0.95631015,-0.9745646491308533
1486,-0.95545256,-0.9480091593100142
1487,-0.95647967,-0.9657940477793392
1488,-0.9553058,-0.9333024107770077
1489,-0.95629907,-0.9707749890932507
1490,-0.95507073,-0.9418396079780085
1491,-0.9564589,-0.9774257194114517
1492,-0.9549748,-0.9376633600884412
1493,-0.95651114,-0.9095455857901958
1494,-0.9547454,-0.9399715125888031
1495,-0.9565699,-0.9578004898244492
1496,-0.9558475,-0.9446262932844692
1497,-0.95607424,-0.9723307780379207
1498,-0.9559519,-0.951135502404189
1499,-0.95540464,-0.9595007589810602
1500,-0.95492005,-0.9504959183547347
1501,-0.95570755,-0.9731032244041677
1502,-0.9549084,-0.9486725484285767
1503,-0.9560441,-0.9751279100260256
1504,-0.9552412,-0.9509206396718358
1505,-0.95614517,-0.962374349881993
1506,-0.95509946,-0.9495725821006726
1507,-0.95626783,-0.9777965590486919
1508,-0.95524395,-0.9448057904752588
1509,-0.95626557,-0.9812814637821814
1510,-0.9552442,-0.9514261890358185
1511,-0.95635915,-0.9778149378432933
1512,-0.9548837,-0.9558080682003157
1513,-0.9564688,-0.9650629862671429
1514,-0.95488524,-0.9430365079313165
1515,-0.9563838,-0.9739159377619819
1516,-0.95529807,-0.9523958370804182
1517,-0.95641935,-0.9688406248840842
1518,-0.9553387,-0.9436876024712156
1519,-0.9563167,-0.9658914377667136
1520,-0.9551424,-0.9308619765657506
1521,-0.9563378,-0.9695450265210936
1522,-0.9552338,-0.9454597941161607
1523,-0.9566237,-0.9666871224880282
1524,-0.95506525,-0.9442223369619474
1525,-0.9565004,-0.9722828650913236
1526,-0.95491123,-0.9352534310500407
1527,-0.9562861,-0.9796996090465014
1528,-0.9549835,-0.9567964550546155
1529,-0.9564556,-0.9584563008606986
1530,-0.95479655,-0.9514177367182544
1531,-0.9564177,-0.9700318320062798
1532,-0.95506215,-0.9452084524465152
1533,-0.9561173,-0.9720026843728944
1534,-0.9554851,-0.947959788547029
1535,-0.9561466,-0.9579539938080084
1536,-0.955243,-0.9391864957101885
1537,-0.95631564,-0.9682018218689473
1538,-0.95526445,-0.9439556775956356
1539,-0.95639825,-0.9716428020037082
1540,-0.9552392,-0.9465084706756064
1541,-0.95626926,-0.9103018927705513
1542,-0.95498264,-0.933201944738002
1543,-0.95629895,-0.9742389656400423
1544,-0.9559536,-0.9282940543602356
1545,-0.9560077,-0.9694889173392338
1546,-0.9557167,-0.9455066016207336
1547,-0.95592463,-0.9675370690093709
1548,-0.9545667,-0.9385639176753255
1549,-0.95628524,-0.9703324653865018
1550,-0.95451546,-0.9482283676516308
1551,-0.95633435,-0.9737833989761275
1552,-0.95501935,-0.9445863303266803
1553,-0.95627856,-0.9656286465629866
1554,-0.9548949,-0.9535976702553379
1555,-0.95633364,-0.9715585312716126
1556,-0.95510626,-0.9425533224631959
1557,-0.95622087,-0.9662597664757631
1558,-0.95524013,-0.9469086276120238
1559,-0.9562316,-0.9638839554771423
1560,-0.95520294,-0.9463699057692528
1561,-0.95636046,-0.9792015921299738
1562,-0.955264,-0.932608319066229
1563,-0.9562268,-0.979181493368319
1564,-0.95504236,-0.9444140633306639
1565,-0.95650625,-0.9637609269786658
1566,-0.9547343,-0.9378853937348015
1567,-0.956728,-0.9783639096847856
1568,-0.9548801,-0.9357135838418209
1569,-0.9566053,-0.9755895081854387
1570,-0.9549632,-0.9474180243424164
1571,-0.9565655,-0.963847767327652
1572,-0.954731,-0.9490854206327997
1573,-0.9565685,-0.963582062150617
1574,-0.954978,-0.9498969334130577
1575,-0.9562484,-0.9622395371554111
1576,-0.95536304,-0.9342297616892763
1577,-0.95607626,-0.9575930001579176
1578,-0.9554279,-0.9392718461440426
1579,-0.95631754,-0.9662136889595294
1580,-0.9553509,-0.9369037170084682
1581,-0.95636654,1.1606252876427505
1582,-0.9551146,-0.8869978185943458
1583,-0.95632184,-0.9095958915083623
1584,-0.95995104,-0.9003505383461875
1585,-0.9821905,-0.9319466967623606
1586,-0.9651998,-0.9149629155705581
1587,-0.96489024,-0.9404297730797873
1588,-0.9703274,-0.8931756964813538
1589,-0.970443,-0.8640550437099854
1590,-0.96814907,-0.9011150353423676
1591,-0.9559761,-0.9251235396002258
1592,-0.9556291,-0.9162398336064306
1593,-0.95582724,-0.9293279593032064
1594,-0.95558274,-0.9148178851329506
1595,-0.95487654,-0.9268533352807168
1596,-0.95460427,-0.9106834144214255
1597,-0.9551636,-0.9333644553303396
1598,-0.9546368,-0.9099765313971935
1599,-0.95570743,-0.9289584431688945
1600,-0.954936,-0.9067426824123384
1601,-0.9558897,-0.9234758527315569
1602,-0.95480096,-0.9059198257554617
